{
    "name": "B2C landen",
    "data": {
        "ccountry-intl": "checked",
        "country-al": "checked",
        "country-ad": "unchecked",
        "country-aw": "unchecked",
        "country-au": "unchecked",
        "country-at": "checked",
        "country-by": "checked",
        "country-be": "checked",
        "country-ba": "checked",
        "country-bg": "checked",
        "country-cl": "unchecked",
        "country-cn": "unchecked",
        "country-hr": "checked",
        "country-cy": "checked",
        "country-cz": "checked",
        "country-dk": "checked",
        "country-do": "unchecked",
        "country-an": "unchecked",
        "country-ee": "checked",
        "country-fi": "checked",
        "country-fr": "checked",
        "country-de": "checked",
        "country-gr": "checked",
        "country-hk": "unchecked",
        "country-hu": "checked",
        "country-is": "unchecked",
        "country-in": "unchecked",
        "country-ir": "unchecked",
        "country-ie": "checked",
        "country-il": "unchecked",
        "country-it": "checked",
        "country-ci": "unchecked",
        "country-jp": "unchecked",
        "country-lv": "checked",
        "country-lb": "unchecked",
        "country-lt": "checked",
        "country-lu": "checked",
        "country-mk": "checked",
        "country-mg": "unchecked",
        "country-my": "unchecked",
        "country-mv": "unchecked",
        "country-mt": "checked",
        "country-mu": "unchecked",
        "country-mx": "unchecked",
        "country-md": "checked",
        "country-me": "unchecked",
        "country-ma": "unchecked",
        "country-nl": "checked",
        "country-nc": "unchecked",
        "country-nz": "unchecked",
        "country-no": "checked",
        "country-ph": "unchecked",
        "country-pl": "checked",
        "country-pt": "checked",
        "country-ro": "checked",
        "country-ru": "unchecked",
        "country-sx": "unchecked",
        "country-sn": "unchecked",
        "country-rs": "checked",
        "country-sg": "unchecked",
        "country-sk": "checked",
        "country-si": "checked",
        "country-kr": "unchecked",
        "country-es": "checked",
        "country-se": "checked",
        "country-ch": "unchecked",
        "country-tw": "unchecked",
        "country-th": "unchecked",
        "country-tr": "unchecked",
        "country-ua": "unchecked",
        "country-ae": "unchecked",
        "country-gb": "checked",
        "country-us": "unchecked",
        "country-uy": "unchecked"
    }
}
