{
    "colors": {
        "Red": {
            "EN": "Red",
            "NL": "Rood",
            "DE": "Rot",
            "FR": "Rouge",
            "IT": "Rosso",
            "SP": "Rojo",
            "SW": "Röd",
            "DA": "Rød"
        },
        "Taupe": {
            "EN": "Taupe",
            "NL": "Taupe",
            "DE": "Taupe",
            "FR": "Taupe",
            "IT": "Grigio talpa",
            "SP": "Gris topo",
            "SW": "Brungrå",
            "DA": "Beige"
        },
        "Dark Blue": {
            "EN": "Dark Blue",
            "NL": "Donkerblauw",
            "DE": "Dunkelblau",
            "FR": "Bleu foncé",
            "IT": "Blu scuro",
            "SP": "Azul oscuro",
            "SW": "Mörkblå",
            "DA": "Mørkeblå"
        },
        "Black": {
            "EN": "Black",
            "NL": "Zwart",
            "DE": "Schwarz",
            "FR": "Noir",
            "IT": "Nero",
            "SP": "Negro",
            "SW": "Svart",
            "DA": "Sort"
        },
        "Orange": {
            "EN": "Orange",
            "NL": "Oranje",
            "DE": "Orange",
            "FR": "Orange",
            "IT": "Arancione",
            "SP": "Naranja",
            "SW": "Orange",
            "DA": "Orange"
        },
        "Jeans Light Blue": {
            "EN": "Jeans Light Blue",
            "NL": "Jeans Lichtblauw",
            "DE": "Jeans Hellblau",
            "FR": "Jeans Bleu clair",
            "IT": "Blu jeans chiaro",
            "SP": "Azul tejano claro",
            "SW": "Ljus jeansblå",
            "DA": "Jeans-lyseblå"
        },
        "Blue": {
            "EN": "Blue",
            "NL": "Blauw",
            "DE": "Blau",
            "FR": "Bleu",
            "IT": "Blu",
            "SP": "Azul",
            "SW": "Blå",
            "DA": "Blå"
        },
        "Purple": {
            "EN": "Purple",
            "NL": "Paars",
            "DE": "Violett",
            "FR": "Violet",
            "IT": "Viola",
            "SP": "Morado",
            "SW": "Lila",
            "DA": "Lilla"
        },
        "White": {
            "EN": "White",
            "NL": "Wit",
            "DE": "Weiß",
            "FR": "Blanc",
            "IT": "Bianco",
            "SP": "Blanco",
            "SW": "Vit",
            "DA": "Hvid"
        },
        "Yellow Ochre": {
            "EN": "Yellow Ochre",
            "NL": "Geel",
            "DE": "Gelb",
            "FR": "Jaune",
            "IT": "Giallo ocra",
            "SP": "Amarillo ocre",
            "SW": "Gulockra",
            "DA": "Okkerfarvet"
        },
        "Purple": {
            "EN": "Purple",
            "NL": "Paars",
            "DE": "Violett",
            "FR": "Violet",
            "IT": "Viola",
            "SP": "Morado",
            "SW": "Lila",
            "DA": "Lilla"
        },
        "Light Grey": {
            "EN": "Light Grey",
            "NL": "Lichtgrijs",
            "DE": "Hellgrau",
            "FR": "Gris clair",
            "IT": "Grigio chiaro",
            "SP": "Gris claro",
            "SW": "Ljusgrå",
            "DA": "Lysegrå"
        },
        "Pink": {
            "EN": "Pink",
            "NL": "Roze",
            "DE": "Rosa",
            "FR": "Rose",
            "IT": "Rosa",
            "SP": "Rosa",
            "SW": "Rosa",
            "DA": "Lyserød"
        },
        "Brown": {
            "EN": "Brown",
            "NL": "Bruin",
            "DE": "Braun",
            "FR": "Marron",
            "IT": "Marrone",
            "SP": "Marrón",
            "SW": "Brun",
            "DA": "Brun"
        },
        "Lime Green": {
            "EN": "Lime Green",
            "NL": "Limoen Groen",
            "DE": "Lindgrün",
            "FR": "Vert Citron",
            "IT": "Verde lime",
            "SP": "Verde lima",
            "SW": "Limegrön",
            "DA": "Limegrøn"
        },
        "Sand": {
            "EN": "Sand",
            "NL": "Zand",
            "DE": "Sand",
            "FR": "Sable",
            "IT": "Sabbia",
            "SP": "Tierra",
            "SW": "Sand",
            "DA": "Sandfarvet"
        },
        "Turquoise": {
            "EN": "Turquoise",
            "NL": "Turkoois",
            "DE": "Türkis",
            "FR": "Turquoise",
            "IT": "Turchese",
            "SP": "Turquesa",
            "SW": "Turkos",
            "DA": "Turkis"
        }

    }

}
