{"zichtbaarheid_per_land":[{"name":"B2C landen","data":{"ccountry-intl":"checked","country-al":"checked","country-ad":"unchecked","country-aw":"unchecked","country-au":"unchecked","country-at":"checked","country-by":"checked","country-be":"checked","country-ba":"checked","country-bg":"checked","country-cl":"unchecked","country-cn":"unchecked","country-hr":"checked","country-cy":"checked","country-cz":"checked","country-dk":"checked","country-do":"unchecked","country-an":"unchecked","country-ee":"checked","country-fi":"checked","country-fr":"checked","country-de":"checked","country-gr":"checked","country-hk":"unchecked","country-hu":"checked","country-is":"unchecked","country-in":"unchecked","country-ir":"unchecked","country-ie":"checked","country-il":"unchecked","country-it":"checked","country-ci":"unchecked","country-jp":"unchecked","country-lv":"checked","country-lb":"unchecked","country-lt":"checked","country-lu":"checked","country-mk":"checked","country-mg":"unchecked","country-my":"unchecked","country-mv":"unchecked","country-mt":"checked","country-mu":"unchecked","country-mx":"unchecked","country-md":"checked","country-me":"unchecked","country-ma":"unchecked","country-nl":"checked","country-nc":"unchecked","country-nz":"unchecked","country-no":"checked","country-ph":"unchecked","country-pl":"checked","country-pt":"checked","country-ro":"checked","country-ru":"unchecked","country-sx":"unchecked","country-sn":"unchecked","country-rs":"checked","country-sg":"unchecked","country-sk":"checked","country-si":"checked","country-kr":"unchecked","country-es":"checked","country-se":"checked","country-ch":"unchecked","country-tw":"unchecked","country-th":"unchecked","country-tr":"unchecked","country-ua":"unchecked","country-ae":"unchecked","country-gb":"checked","country-us":"unchecked","country-uy":"unchecked"}},{"name":"Selecteer alles","data":{"ccountry-intl":"checked","country-al":"checked","country-ad":"checked","country-aw":"checked","country-au":"checked","country-at":"checked","country-by":"checked","country-be":"checked","country-ba":"checked","country-bg":"checked","country-cl":"checked","country-cn":"checked","country-hr":"checked","country-cy":"checked","country-cz":"checked","country-dk":"checked","country-do":"checked","country-an":"checked","country-ee":"checked","country-fi":"checked","country-fr":"checked","country-de":"checked","country-gr":"checked","country-hk":"checked","country-hu":"checked","country-is":"checked","country-in":"checked","country-ir":"checked","country-ie":"checked","country-il":"checked","country-it":"checked","country-ci":"checked","country-jp":"checked","country-lv":"checked","country-lb":"checked","country-lt":"checked","country-lu":"checked","country-mk":"checked","country-mg":"checked","country-my":"checked","country-mv":"checked","country-mt":"checked","country-mu":"checked","country-mx":"checked","country-md":"checked","country-me":"checked","country-ma":"checked","country-nl":"checked","country-nc":"checked","country-nz":"checked","country-no":"checked","country-ph":"checked","country-pl":"checked","country-pt":"checked","country-ro":"checked","country-ru":"checked","country-sx":"checked","country-sn":"checked","country-rs":"checked","country-sg":"checked","country-sk":"checked","country-si":"checked","country-kr":"checked","country-es":"checked","country-se":"checked","country-ch":"checked","country-tw":"checked","country-th":"checked","country-tr":"checked","country-ua":"checked","country-ae":"checked","country-gb":"checked","country-us":"checked","country-uy":"checked"}}],"features":[{"name":"Oplaadbaar","data":{"":"on","feature-en":"Rechargeable design wall lamp","feature-nl":"Oplaadbare design wandlamp","feature-fr":"Luminaire mur chargeable design","feature-de":"Design Wandlampe","feature-it":"Applique ricaricabile di design","feature-es":"Lámpara de rojo con diseño recargable","feature-sv":"Uppladdningsbar designad vägglampa","feature-da":"Genopladelig designvæglampe","default-feature-en":"checked","default-feature-nl":"unchecked","default-feature-fr":"unchecked","default-feature-de":"unchecked","default-feature-it":"unchecked","default-feature-es":"unchecked","default-feature-sv":"unchecked","default-feature-da":"unchecked"}}],"recommendations":[{"name":"Lamp bevestigen","data":{"default-recommendation-en":"checked","recommendation-en":"Mount the lamp on a rigid surface using an appropriate screw. Washing instructions: Use a soft cloth and lukewarm water to clean the lamp gently; avoid using abrasive cleansers","default-recommendation-nl":"unchecked","recommendation-nl":"Monteer de lamp op een vlak oppervlak met behulp van een geschikte schroef. Wasinstructies: Gebruik een zachte doek en lauw water om de lamp voorzichtig schoon te maken; vermijd het gebruik van schurende reinigingsmiddelen","default-recommendation-fr":"unchecked","recommendation-fr":"Montieren Sie die Leuchte mit einem passenden Schraubenzieher auf einer festen Oberfläche. Reinigungshinweise: Säubern Sie die Leuchte vorsichtig mit einem weichen Tuch und lauwarmem Wasser; verwenden Sie keine scheuernden Reinigungsmittel","default-recommendation-de":"unchecked","recommendation-de":"Montez la lampe sur une surface rigide à l’aide d’une vis appropriée. Instructions de nettoyage : Lavez délicatement la lampe avec un chiffon doux et de l’eau tiède ; évitez les nettoyants abrasifs","default-recommendation-it":"unchecked","recommendation-it":"Fissa la lampada a una superficie rigida utilizzando l’apposita vite. Istruzioni di lavaggio: Per pulire la lampada usare un panno morbido e acqua tiepida. Non utilizzare detergenti aggressivi","default-recommendation-es":"unchecked","recommendation-es":"Monte la lámpara en una superficie rígida con las instrucciones de montaje correctas: Use un paño suave y agua tibia para limpiar la lámpara con cuidado, sin productos abrasivos","default-recommendation-sv":"unchecked","recommendation-sv":"Montera lampan på en stadig yta med hjälp av lämpliga screw. Washing-instruktioner: Använd en mjuk trasa och ljummet vatten för att rengöra lampan försiktigt och undvik att använda slipande rengöringsmedel","default-recommendation-da":"unchecked","recommendation-da":"Montér lampen på en fast overflade med en passende skrue. Vaskeinstruktioner: Brug en blød klud og lunken vand til forsigtigt at rengøre lampen, uden brug af ætsende rengøringsmidler"}},{"name":"Empty","data":{"default-recommendation-en":"checked","recommendation-en":"","default-recommendation-nl":"unchecked","recommendation-nl":"","default-recommendation-fr":"unchecked","recommendation-fr":"","default-recommendation-de":"unchecked","recommendation-de":"","default-recommendation-it":"unchecked","recommendation-it":"","default-recommendation-es":"unchecked","recommendation-es":"","default-recommendation-sv":"unchecked","recommendation-sv":"","default-recommendation-da":"unchecked","recommendation-da":""}}]}