[{"interne_naam":"Add the Wally","omschrijving":"Uitverkocht!!!","materiaal":"Metaal"},{"interne_naam":"Attackle","omschrijving":"Uitverkocht!!!","materiaal":"Metaal"},{"interne_naam":"Avenue Pouf","omschrijving":"Uitverkocht!!!","materiaal":"Metaal"},{"interne_naam":"Baboesjka","omschrijving":"Uitverkocht!!!","materiaal":"Metaal"},{"interne_naam":"Base","omschrijving":"omschrijving","materiaal":"plastic"},{"interne_naam":"Bolleke","omschrijving":"omschrijving","materiaal":"plastic"},{"interne_naam":"Buggle-Up Beanbag","omschrijving":"omschrijving","materiaal":"karton"},{"interne_naam":"Buggle-Up Outdoor","omschrijving":"productbeschrijving","materiaal":"karton"},{"interne_naam":"Candyofnie","omschrijving":"productbeschrijving","materiaal":"Metaal"},{"interne_naam":"Cappie-on","omschrijving":"Uitverkocht!!!","materiaal":"karton"},{"interne_naam":"Carpet Diem","omschrijving":"productbeschrijving","materiaal":"plastic"},{"interne_naam":"Ch-air Lounge","omschrijving":"productbeschrijving","materiaal":"Metaal"},{"interne_naam":"Co9","omschrijving":"productbeschrijving","materiaal":"katoen"},{"interne_naam":"Co9 XS Velvet","omschrijving":"productbeschrijving","materiaal":"katoen"},{"interne_naam":"Concrete Seat","omschrijving":"productbeschrijving","materiaal":"hout"},{"interne_naam":"Concrete Seat Pillow","omschrijving":"productbeschrijving","materiaal":"hout"},{"interne_naam":"Cooper Cappies","omschrijving":"Uitverkocht!!!","materiaal":"hout"},{"interne_naam":"Doggielounge","omschrijving":"Uitverkocht!!!","materiaal":"hout"},{"interne_naam":"D'r-op D'r-over","omschrijving":"Uitverkocht!!!","materiaal":"hout"},{"interne_naam":"Duo tone collection","omschrijving":"productbeschrijving","materiaal":"hout"},{"interne_naam":"Edison the Giant","omschrijving":"productbeschrijving","materiaal":"hout"},{"interne_naam":"Edison the Grand","omschrijving":"productbeschrijving","materiaal":"hout"},{"interne_naam":"Edison the Medium","omschrijving":"productbeschrijving","materiaal":"hout"},{"interne_naam":"Edison the Petit","omschrijving":"productbeschrijving","materiaal":"hout"},{"interne_naam":"Edison the Petit (retailer)","omschrijving":"productbeschrijving","materiaal":"hout"},{"interne_naam":"Filler","omschrijving":"productbeschrijving","materiaal":"katoen"},{"interne_naam":"Formitable","omschrijving":"productbeschrijving","materiaal":"katoen"},{"interne_naam":"Hammocks","omschrijving":"productbeschrijving","materiaal":"katoen"},{"interne_naam":"Headdemock Accessories and pillows","omschrijving":"productbeschrijving","materiaal":"katoen"},{"interne_naam":"Headdemock Parts","omschrijving":"productbeschrijving","materiaal":"katoen"},{"interne_naam":"Inflatable Dolly","omschrijving":"productbeschrijving","materiaal":"katoen"},{"interne_naam":"Inflatable Hot dog","omschrijving":"productbeschrijving","materiaal":"katoen"},{"interne_naam":"Jonge","omschrijving":"productbeschrijving","materiaal":"hout"},{"interne_naam":"Junior Beanbag","omschrijving":"productbeschrijving","materiaal":"hout"},{"interne_naam":"Junior Beanbag UK","omschrijving":"productbeschrijving","materiaal":"hout"},{"interne_naam":"Klaid","omschrijving":"productbeschrijving","materiaal":"hout"},{"interne_naam":"Lampie-On","omschrijving":"productbeschrijving","materiaal":"hout"},{"interne_naam":"Lamzac","omschrijving":"productbeschrijving","materiaal":"hout"},{"interne_naam":"Lamzac","omschrijving":"productbeschrijving","materiaal":"katoen"},{"interne_naam":"Lamzac L","omschrijving":"productbeschrijving","materiaal":"katoen"},{"interne_naam":"Lamzac L Deluxe","omschrijving":"productbeschrijving","materiaal":"katoen"},{"interne_naam":"Lamzac XXXL","omschrijving":"productbeschrijving","materiaal":"katoen"},{"interne_naam":"Lekkerplèkkuh","omschrijving":"productbeschrijving","materiaal":"katoen"},{"interne_naam":"Lighting accessories","omschrijving":"productbeschrijving","materiaal":"modder"},{"interne_naam":"Mag-van-alles","omschrijving":"productbeschrijving","materiaal":"modder"},{"interne_naam":"Metallicap","omschrijving":"productbeschrijving","materiaal":"modder"},{"interne_naam":"Metallicappie","omschrijving":"productbeschrijving","materiaal":"modder"},{"interne_naam":"Molecube","omschrijving":"productbeschrijving","materiaal":"kunstsfof"},{"interne_naam":"Molecube Cabinet","omschrijving":"productbeschrijving","materiaal":"kunstsfof"},{"interne_naam":"Nametag","omschrijving":"productbeschrijving","materiaal":"kunstsfof"},{"interne_naam":"Non-Flying Carpet","omschrijving":"productbeschrijving","materiaal":"kunstsfof"},{"interne_naam":"Original Beanbag","omschrijving":"productbeschrijving","materiaal":"kunstsfof"},{"interne_naam":"Original Beanbag x Jordy","omschrijving":"productbeschrijving","materiaal":"kunstsfof"},{"interne_naam":"Original slim velvet","omschrijving":"productbeschrijving","materiaal":"kunstsfof"},{"interne_naam":"Outdoor beanbag","omschrijving":"productbeschrijving","materiaal":"kunstsfof"},{"interne_naam":"Parasols","omschrijving":"productbeschrijving","materiaal":"kunstsfof"},{"interne_naam":"Party Polonaise","omschrijving":"productbeschrijving","materiaal":"kunstsfof"},{"interne_naam":"Pfffh Pouf","omschrijving":"productbeschrijving","materiaal":"kunstsfof"},{"interne_naam":"Picnic Lounge","omschrijving":"productbeschrijving","materiaal":"kunstsfof"},{"interne_naam":"Pillow Velvet Collection","omschrijving":"productbeschrijving","materiaal":"kunstsfof"},{"interne_naam":"Plat-o","omschrijving":"productbeschrijving","materiaal":"kunstsfof"},{"interne_naam":"Point Original Pouf","omschrijving":"productbeschrijving","materiaal":"kunstsfof"},{"interne_naam":"Point Stonewashed Pouf","omschrijving":"productbeschrijving","materiaal":"kunstsfof"},{"interne_naam":"Point Velvet","omschrijving":"productbeschrijving","materiaal":"kunstsfof"},{"interne_naam":"Pupillow","omschrijving":"productbeschrijving","materiaal":"wol"},{"interne_naam":"Pupillow cushion","omschrijving":"productbeschrijving","materiaal":"wol"},{"interne_naam":"Pupillow Velvet","omschrijving":"productbeschrijving","materiaal":"wol"},{"interne_naam":"Repair Buggle-Up Straps","omschrijving":"productbeschrijving","materiaal":"wol"},{"interne_naam":"Repair kits (nylon fabric)","omschrijving":"productbeschrijving","materiaal":"wol"},{"interne_naam":"Rockcoco","omschrijving":"productbeschrijving","materiaal":"wol"},{"interne_naam":"Rock 'n Roll","omschrijving":"productbeschrijving","materiaal":"wol"},{"interne_naam":"Rondeju","omschrijving":"productbeschrijving","materiaal":"wol"},{"interne_naam":"Service items","omschrijving":"productbeschrijving","materiaal":"katoen"},{"interne_naam":"Snacklight","omschrijving":"productbeschrijving","materiaal":"katoen"},{"interne_naam":"Sol-mate","omschrijving":"productbeschrijving","materiaal":"katoen"},{"interne_naam":"Spheremaker","omschrijving":"productbeschrijving","materiaal":"Pasta"},{"interne_naam":"Stonewashed Beanbag","omschrijving":"productbeschrijving","materiaal":"Pasta"},{"interne_naam":"Test hoofdproduct","omschrijving":"productbeschrijving","materiaal":"Pasta"},{"interne_naam":"Thierry Le Swinger","omschrijving":"productbeschrijving","materiaal":"Pasta"},{"interne_naam":"Transloetje","omschrijving":"productbeschrijving","materiaal":"Pasta"},{"interne_naam":"Trans-parents","omschrijving":"productbeschrijving","materiaal":"Nylon"},{"interne_naam":"Tsjonge Jonge Lounge","omschrijving":"productbeschrijving","materiaal":"Nylon"},{"interne_naam":"Tsjonge Jongetje Lounge","omschrijving":"productbeschrijving","materiaal":"Nylon"},{"interne_naam":"Undercover","omschrijving":"productbeschrijving","materiaal":"Nylon"},{"interne_naam":"Xmas Cooper Cappies","omschrijving":"productbeschrijving","materiaal":"Nylon"}]