[
    {
        "h": "Add the Wally"
    },
    {
        "h": "Attackle"
    },
    {
        "h": "Avenue Pouf"
    },
    {
        "h": "Baboesjka"
    },
    {
        "h": "Base"
    },
    {
        "h": "Bolleke"
    },
    {
        "h": "Buggle-Up Beanbag"
    },
    {
        "h": "Buggle-Up Outdoor"
    },
    {
        "h": "Candyofnie"
    },
    {
        "h": "Cappie-on"
    },
    {
        "h": "Carpet Diem"
    },
    {
        "h": "Ch-air Lounge"
    },
    {
        "h": "Co9"
    },
    {
        "h": "Co9 XS Velvet"
    },
    {
        "h": "Concrete Seat"
    },
    {
        "h": "Concrete Seat Pillow"
    },
    {
        "h": "Cooper Cappies"
    },
    {
        "h": "Doggielounge"
    },
    {
        "h": "D'r-op D'r-over"
    },
    {
        "h": "Duo tone collection"
    },
    {
        "h": "Edison the Giant"
    },
    {
        "h": "Edison the Grand"
    },
    {
        "h": "Edison the Medium"
    },
    {
        "h": "Edison the Petit"
    },
    {
        "h": "Edison the Petit (retailer)"
    },
    {
        "h": "Filler"
    },
    {
        "h": "Formitable"
    },
    {
        "h": "Hammocks"
    },
    {
        "h": "Headdemock Accessories and pillows"
    },
    {
        "h": "Headdemock Parts"
    },
    {
        "h": "Inflatable Dolly"
    },
    {
        "h": "Inflatable Hot dog"
    },
    {
        "h": "Jonge"
    },
    {
        "h": "Junior Beanbag"
    },
    {
        "h": "Junior Beanbag UK"
    },
    {
        "h": "Klaid"
    },
    {
        "h": "Lampie-On"
    },
    {
        "h": "Lamzac"
    },
    {
        "h": "Lamzac"
    },
    {
        "h": "Lamzac L"
    },
    {
        "h": "Lamzac L Deluxe"
    },
    {
        "h": "Lamzac XXXL"
    },
    {
        "h": "Lekkerplèkkuh"
    },
    {
        "h": "Lighting accessories"
    },
    {
        "h": "Mag-van-alles"
    },
    {
        "h": "Metallicap"
    },
    {
        "h": "Metallicappie"
    },
    {
        "h": "Molecube"
    },
    {
        "h": "Molecube Cabinet"
    },
    {
        "h": "Nametag"
    },
    {
        "h": "Non-Flying Carpet"
    },
    {
        "h": "Original Beanbag"
    },
    {
        "h": "Original Beanbag x Jordy"
    },
    {
        "h": "Original slim velvet"
    },
    {
        "h": "Outdoor beanbag"
    },
    {
        "h": "Parasols"
    },
    {
        "h": "Party Polonaise"
    },
    {
        "h": "Pfffh Pouf"
    },
    {
        "h": "Picnic Lounge"
    },
    {
        "h": "Pillow Velvet Collection"
    },
    {
        "h": "Plat-o"
    },
    {
        "h": "Point Original Pouf"
    },
    {
        "h": "Point Stonewashed Pouf"
    },
    {
        "h": "Point Velvet"
    },
    {
        "h": "Pupillow"
    },
    {
        "h": "Pupillow cushion"
    },
    {
        "h": "Pupillow Velvet"
    },
    {
        "h": "Repair Buggle-Up Straps"
    },
    {
        "h": "Repair kits (nylon fabric)"
    },
    {
        "h": "Rockcoco"
    },
    {
        "h": "Rock 'n Roll"
    },
    {
        "h": "Rondeju"
    },
    {
        "h": "Service items"
    },
    {
        "h": "Snacklight"
    },
    {
        "h": "Sol-mate"
    },
    {
        "h": "Spheremaker"
    },
    {
        "h": "Stonewashed Beanbag"
    },
    {
        "h": "Test hoofdproduct"
    },
    {
        "h": "Thierry Le Swinger"
    },
    {
        "h": "Transloetje"
    },
    {
        "h": "Trans-parents"
    },
    {
        "h": "Tsjonge Jonge Lounge"
    },
    {
        "h": "Tsjonge Jongetje Lounge"
    },
    {
        "h": "Undercover"
    },
    {
        "h": "Xmas Cooper Cappies"
    }]
