[
    {
        "afk": "al",
        "vol":"Albania"
},
    {
        "afk": "ad",
        "vol":"Andorra"
},
    {
        "afk": "aw",
        "vol":"Aruba"
},
    {
        "afk": "au",
        "vol":"Australia"
},
    {
        "afk": "at",
        "vol":"Austria"
},
    {
        "afk": "by",
        "vol":"Belarus"
},
    {
        "afk": "be",
        "vol":"Belgium"
},
    {
        "afk": "ba",
        "vol":"Bosnia and Herzegovina"
},
    {
        "afk": "bg",
        "vol":"Bulgaria"
},
    {
        "afk": "cl",
        "vol":"Chile"
},
    {
        "afk": "cn",
        "vol":"China"
},
    {
        "afk": "hr",
        "vol":"Croatia"
},
    {
        "afk": "cy",
        "vol":"Cyprus"
},
    {
        "afk": "cz",
        "vol":"Czech Republic"
},
    {
        "afk": "dk",
        "vol":"Denmark"
},
    {
        "afk": "do",
        "vol":"Dominican Republic"
},
    {
        "afk": "an",
        "vol":"Dutch Antilles"
},
    {
        "afk": "ee",
        "vol":"Estonia"
},
    {
        "afk": "fi",
        "vol":"Finland"
},
    {
        "afk": "fr",
        "vol":"France"
},
    {
        "afk": "de",
        "vol":"Germany"
},
    {
        "afk": "gr",
        "vol":"Greece"
},
    {
        "afk": "hk",
        "vol":"Hong Kong"
},
    {
        "afk": "hu",
        "vol":"Hungary"
},
    {
        "afk": "is",
        "vol":"Iceland"
},
    {
        "afk": "in",
        "vol":"India"
},
    {
        "afk": "ir",
        "vol":"Iran"
},
    {
        "afk": "ie",
        "vol":"Ireland"
},
    {
        "afk": "il",
        "vol":"Israel"
},
    {
        "afk": "it",
        "vol":"Italy"
},
    {
        "afk": "ci",
        "vol":"Ivory Coast"
},
    {
        "afk": "jp",
        "vol":"Japan"
},
    {
        "afk": "lv",
        "vol":"Latvia"
},
    {
        "afk": "lb",
        "vol":"Lebanon"
},
    {
        "afk": "lt",
        "vol":"Lithuania"
},
    {
        "afk": "lu",
        "vol":"Luxembourg"
},
    {
        "afk": "mk",
        "vol":"Macedonia, Republic of"
},
    {
        "afk": "mg",
        "vol":"Madagascar"
},
    {
        "afk": "my",
        "vol":"Malaysia"
},
    {
        "afk": "mv",
        "vol":"Maldives"
},
    {
        "afk": "mt",
        "vol":"Malta"
},
    {
        "afk": "mu",
        "vol":"Mauritius"
},
    {
        "afk": "mx",
        "vol":"Mexico"
},
    {
        "afk": "md",
        "vol":"Moldova"
},
    {
        "afk": "me",
        "vol":"Montenegro"
},
    {
        "afk": "ma",
        "vol":"Morocco"
},
    {
        "afk": "nl",
        "vol":"Netherlands"
},
    {
        "afk": "nc",
        "vol":"New Caledonia"
},
    {
        "afk": "nz",
        "vol":"New Zealand"
},
    {
        "afk": "no",
        "vol":"Norway"
},
    {
        "afk": "ph",
        "vol":"Philippines"
},
    {
        "afk": "pl",
        "vol":"Poland"
},
    {
        "afk": "pt",
        "vol":"Portugal"
},
    {
        "afk": "ro",
        "vol":"Romania"
},
    {
        "afk": "ru",
        "vol":"Russia"
},
    {
        "afk": "sx",
        "vol":"Saint Martin"
},
    {
        "afk": "sn",
        "vol":"Senegal"
},
    {
        "afk": "rs",
        "vol":"Serbia"
},
    {
        "afk": "sg",
        "vol":"Singapore"
},
    {
        "afk": "sk",
        "vol":"Slovakia"
},
    {
        "afk": "si",
        "vol":"Slovenia"
},
    {
        "afk": "kr",
        "vol":"South Korea"
},
    {
        "afk": "es",
        "vol":"Spain"
},
    {
        "afk": "se",
        "vol":"Sweden"
},
    {
        "afk": "ch",
        "vol":"Switzerland"
},
    {
        "afk": "tw",
        "vol":"Taiwan"
},
    {
        "afk": "th",
        "vol":"Thailand"
},
    {
        "afk": "tr",
        "vol":"Turkey"
},
    {
        "afk": "ua",
        "vol":"Ukraine"
},
    {
        "afk": "ae",
        "vol":"United Arab Emir"
},
    {
        "afk": "gb",
        "vol":"United Kingdom"
},
    {
        "afk": "us",
        "vol":"United States of America"
},
    {
        "afk": "uy",
        "vol":"Uruguay"
}
]
